{"SIEGn.DE": [0.0311514195397469, -0.0661320754446034, -0.042631578938004996, 0.08026388125207021, 0.0677545961692096, 0.116066323608003, -0.0049521858003706], "GRLS.MC": [0.13818767493727202, 0.12003058102683802, -0.0263691683880773, -0.0611111111203377, 0.0836772982995042, 0.0547619047507644, 0.020209878090503598], "MEL.MC": [0.028781383945494503, -0.041361015006123096, -0.042145593880153404, -0.05066666665154769, 0.0202513966275368, 0.012777404177669099, 0.0438247011992667], "HEIG.DE": [0.0691105769070925, -0.0860724234030479, -0.012840588778972501, 0.052030456845632005, 0.010618932055563, -0.006808762551959279, -0.0318926974666102], "MTS.MC": [0.186295180723298, -0.0886631552489564, -0.08365976498435669, -0.0145038167994903, 0.037531407029758296, 0.107722997995654, 0.00463082068283693], "VOWG_p.DE": [0.06250896056901808, 0.006266666658980121, -0.030138077553269704, 0.06817248462408411, 0.10988296488954198, 0.0160972785289983, 0.00433097787894332], "1COV.DE": [0.13968901349632598, -0.08461367179024601, -0.010093727451699099, 0.102209274082388, -0.037773804205407, -0.0563943161590426, -0.0247058823805494], "NTGY.MC": [-0.050920485707666704, -0.044061149033927105, 0.023655913972428798, 0.022689075605760296, 0.0032881216761981896, 0.0023522376247060396, -0.05084745761779361], "ELE.MC": [0.0460331689801758, -0.0184453227847176, 0.030423280430369702, 0.032948224219159, 0.0213478442875188, 0.0177319587500304, -0.00837357487298251], "ANA.MC": [0.0213908507787328, 0.00732217572974658, 0.00722394221775757, -0.00512295085522951, -0.0219780220010224, 0.0096670247180819, -0.0021276595736625698], "PRTP.PA": [0.11621418603942098, -0.105884593413213, -0.0618809245005726, 0.06164850137045799, 0.12465557146596598, 0.061553398064281103, 0.0704225352176897], "EONGn.DE": [0.021606588936664298, -0.05805243444231731, -0.0709812108443464, 0.054878769944387805, 0.007469342256566372, 0.05533333333576731, 0.00273741838334218], "SGEF.PA": [0.0180872710782083, 0.0307318151604064, 0.0567119796109796, -0.00683417086191074, 0.0294719607170169, -0.0196260255277065, 0.00020206102958430998], "ORAN.PA": [0.0161391060185978, -0.031035727202786703, 0.0207100591878031, 0.0431159420449967, 0.00557103063370912, 0.042028482114888195, -0.107085767254337], "LEGD.PA": [0.0932669605450032, -0.0172360726516592, -0.0195419847420573, 0.0196200560685853, 0.0723260802934991, 0.009577464788537831, 0.0133928571532276], "BAYGn.DE": [0.153729647882198, -0.0417550155046078, 0.117676348561208, -0.0393525393592247, 0.113636363612369, -0.0171673819832251, 0.05982532752929701], "SAN.MC": [0.0325151821888701, -0.0621510075513442, -0.11237259707062303, 0.0861918604739282, 0.00445948369759375, -0.020221606652069197, 0.05456601638782099], "SAPG.DE": [0.093642456078679, -0.08620971699046791, -0.0404665135380639, -0.0066298342773814, 0.111734980347085, 0.0322688513512759, -0.025591188821305], "DAST.PA": [0.05607828378299071, -0.0373212416952692, -0.0810326281906141, 0.0202887241510623, 0.0538342370203189, 0.053795136321567405, 0.0248251748235986], "SCHN.PA": [0.126553672311078, -0.0329452563783931, -0.0327660655166961, 0.0569852941183313, 0.05901806156938231, 0.0413694721809728, 0.044520547919951706], "BMWG.DE": [0.049500161224395496, 0.0265745007328191, -0.0989776263066918, 0.0621608287932842, 0.0672569121017876, 0.0555875576075071, -0.0021828104052900002], "MICP.PA": [0.08353569695967832, -0.10392506692301401, -0.043426055625162906, 0.07112970713027371, 0.0669926650295098, -0.0206834532282297, 0.00183654727539229], "DAIGn.DE": [0.0536233444290235, -0.0392337635839687, -0.08749999999481069, 0.06825898605869889, 0.160411823309752, -0.028462998097592795, -0.035742187502281295], "LVMH.PA": [0.105434140583503, 0.0018686599109534196, -0.0440517013978716, 0.00620860926536704, 0.0711285354309312, 0.046371226722929294, 0.022515190941391698], "TCFP.PA": [0.10237418832119699, -0.054216867480385705, 0.027859237530079198, 0.0033285782131915504, -0.168895211002404, 0.0253690037020637, 0.047739972398459694], "AMA.MC": [0.0190169689864921, 0.00825437220967462, -0.059672495140057506, -0.0301062573917968, 0.025030902356092205, 0.07621315864180929, 0.00691562931786449], "HRMS.PA": [0.0715597494414726, 0.0028355387336753703, -0.036611852294304296, 0.020933977457827, 0.0403225806420771, 0.043264805178476806, -0.020294117629985703], "REP.MC": [0.0139406609811201, 0.0205746718694571, -0.07358093903293579, 0.08472012102874361, 0.027612722824187405, -0.056454275338396, 0.0298300671659868], "ITX.MC": [0.0997920997707382, 0.0219281663123909, 0.020319303333774498, 0.00995732575139518, 0.007809726661903491, 0.0007082152883148799, 0.11288039633041501], "BOUY.PA": [0.039578678597052906, -0.012202562513351597, 0.0495139732915555, 0.0636758321164117, 0.0359869138394511, -0.0358814352630735, 0.0215749730410542], "FREG.DE": [0.0499889892074756, -0.06344473008451929, -0.0353866316961554, -0.028645833334619907, 0.111700872839898, 0.039037153304187104, 0.0108783239465375], "SABE.MC": [-0.0827627869529092, -0.144216216214923, -0.013177901661904199, 0.143040575235755, 0.110634454734396, 0.0136903563668695, 0.04837035664543961], "ACS.MC": [-0.010523217286909598, 0.0260723297035141, -0.0688160390097625, 0.066627873144363, 0.005526388517602011, -0.04124830394473299, 0.009057458257766271], "COL.MC": [0.009192941613922919, 0.022784810146285497, 0.020408163274146202, 0.054285714288693894, 0.03485254692098021, 0.00174978124233194, -0.007860262025378371], "ENGIE.PA": [0.07148594377499311, 0.035714285709894406, -0.0018050541541444498, 0.0835443037911599, -0.00464653171812623, -0.0329966329929466, 0.0027855153110016807], "RWEG.DE": [-0.0308586762153607, 0.116385212211779, 0.035157810633474, 0.107294480866009, -0.0322237960631523, -0.030619596546087497, 0.0163507989693104], "CAPP.PA": [0.111342063305819, 0.0327060931936183, -0.0626878488599131, -0.00961978927789531, -0.062238736637648895, 0.04885197849665429, 0.014438751737081], "CAGR.PA": [0.030791788867883, -0.00046360685550472997, -0.044158233679040995, 0.0721847930712984, 0.0637232589820662, 0.0548003398799137, 0.0410793395058882], "BKIA.MC": [-0.0821554770462075, -0.148860398859594, -0.0848115299492422, 0.049364021795878205, -0.00639906922745415, 0.0191248913353144, 0.08188797271639571], "MTXGn.DE": [0.08212809916491799, 0.077545195080216, 0.08999122039357221, -0.0181232380030594, -0.0180475799987299, 0.0310272536623062, 0.0353802358605775], "VIE.PA": [0.0342829550851715, 0.059833024107563304, -0.0233497979337288, 0.0694252873555188, 0.019463667851862904, -0.007685738713240849, 0.0202237521524376], "SGOB.PA": [0.100512770438057, -0.0022965408303730105, -0.0590596330329526, 0.09689213894510301, 0.0026116838481209403, -0.006085192678718429, -0.00680272109023772], "WDIG.DE": [0.05814438118159179, -0.008177952231703142, -0.044766293637811996, 0.011371467947585801, -0.21689655172272101, 0.04309969527015609, -0.102671118521484], "IDR.MC": [-0.0572640509182307, -0.13281250000460598, -0.0808729140001512, 0.10893854747358198, 0.0955091714241762, 0.103741496621139, 0.045711350777145804], "CARR.PA": [0.0359385676550263, 0.0226204465264594, -0.106628242061196, 0.0361290322671788, -0.0378429517535973, -0.0154452842631548, -0.0020026702283017003], "FMEG.DE": [0.05759803920980589, -0.10628019323729301, -0.025787965609724402, 0.008169934642738191, 0.0849498327740659, 0.00879054259066114, -0.00901442307840905], "VIS.MC": [0.011365672337993403, -0.0477009024617521, -0.10666104550964599, 0.014629542239437401, 0.14737836560745898, -0.0110474631580081, -0.0125933571777139], "REE.MC": [-0.0009613482821707598, -0.0676117775604217, 0.035714285718155804, 0.0281379310398062, -0.0248514316555738, -0.0171650055369592, 0.00985915492466383], "DTEGn.DE": [0.00675049635106717, -0.0234938968446666, 0.00823810790183588, 0.014364786508891801, 0.0280349458991083, -0.0243340164128267, -0.043712260440584204],